{
    "name": "root",
    "metadata": {
        "timer_format_version": "0.1.0",
        "start_time_seconds": "1715568088",
        "python_version": "3.8.0 (tags/v3.8.0:fa919fd, Oct 14 2019, 19:37:50) [MSC v.1916 64 bit (AMD64)]",
        "command_line_arguments": "D:\\Users\\souls\\ML Training\\venv\\Scripts\\mlagents-learn config\\configuration.yaml --initialize-from=TestRayObs2 --run-id=TestRayObs3",
        "mlagents_version": "0.29.0",
        "mlagents_envs_version": "0.29.0",
        "communication_protocol_version": "1.5.0",
        "pytorch_version": "2.2.0+cu118",
        "numpy_version": "1.21.2",
        "end_time_seconds": "1715568125"
    },
    "total": 36.862590100000006,
    "count": 1,
    "self": 0.006804400000000044,
    "children": {
        "run_training.setup": {
            "total": 0.11688300000000007,
            "count": 1,
            "self": 0.11688300000000007
        },
        "TrainerController.start_learning": {
            "total": 36.738902700000004,
            "count": 1,
            "self": 0.03672539999998037,
            "children": {
                "TrainerController._reset_env": {
                    "total": 9.6592625,
                    "count": 1,
                    "self": 9.6592625
                },
                "TrainerController.advance": {
                    "total": 26.90846100000002,
                    "count": 2068,
                    "self": 0.03782809999986014,
                    "children": {
                        "env_step": {
                            "total": 22.7750085,
                            "count": 2068,
                            "self": 15.76407119999977,
                            "children": {
                                "SubprocessEnvManager._take_step": {
                                    "total": 6.9846936000000905,
                                    "count": 2068,
                                    "self": 0.14198840000011792,
                                    "children": {
                                        "TorchPolicy.evaluate": {
                                            "total": 6.842705199999973,
                                            "count": 2063,
                                            "self": 3.9337235999999116,
                                            "children": {
                                                "TorchPolicy.sample_actions": {
                                                    "total": 2.908981600000061,
                                                    "count": 2063,
                                                    "self": 2.908981600000061
                                                }
                                            }
                                        }
                                    }
                                },
                                "workers": {
                                    "total": 0.02624370000013876,
                                    "count": 2067,
                                    "self": 0.0,
                                    "children": {
                                        "worker_root": {
                                            "total": 28.233458199999934,
                                            "count": 2067,
                                            "is_parallel": true,
                                            "self": 14.724906499999973,
                                            "children": {
                                                "steps_from_proto": {
                                                    "total": 0.0006707999999999714,
                                                    "count": 1,
                                                    "is_parallel": true,
                                                    "self": 0.00020020000000009475,
                                                    "children": {
                                                        "_process_rank_one_or_two_observation": {
                                                            "total": 0.00047059999999987667,
                                                            "count": 4,
                                                            "is_parallel": true,
                                                            "self": 0.00047059999999987667
                                                        }
                                                    }
                                                },
                                                "UnityEnvironment.step": {
                                                    "total": 13.507880899999961,
                                                    "count": 2067,
                                                    "is_parallel": true,
                                                    "self": 0.2760675999999975,
                                                    "children": {
                                                        "UnityEnvironment._generate_step_input": {
                                                            "total": 0.2919039999998265,
                                                            "count": 2067,
                                                            "is_parallel": true,
                                                            "self": 0.2919039999998265
                                                        },
                                                        "communicator.exchange": {
                                                            "total": 12.25553610000013,
                                                            "count": 2067,
                                                            "is_parallel": true,
                                                            "self": 12.25553610000013
                                                        },
                                                        "steps_from_proto": {
                                                            "total": 0.6843732000000067,
                                                            "count": 2067,
                                                            "is_parallel": true,
                                                            "self": 0.23231849999987375,
                                                            "children": {
                                                                "_process_rank_one_or_two_observation": {
                                                                    "total": 0.4520547000001329,
                                                                    "count": 8268,
                                                                    "is_parallel": true,
                                                                    "self": 0.4520547000001329
                                                                }
                                                            }
                                                        }
                                                    }
                                                }
                                            }
                                        }
                                    }
                                }
                            }
                        },
                        "trainer_advance": {
                            "total": 4.095624400000164,
                            "count": 2067,
                            "self": 0.04447590000005874,
                            "children": {
                                "process_trajectory": {
                                    "total": 2.106091600000104,
                                    "count": 2067,
                                    "self": 2.106091600000104
                                },